{"loss_first50": [0.16588690876960754, 0.08154682070016861, 0.04875389486551285, 0.09506338089704514, 0.2212318778038025, 0.1373436152935028, 0.13062447309494019, 0.0812138170003891, 0.14867448806762695, 1.0930299140454736e-05, 0.1282310038805008, 4.1437149775447324e-05, 0.0930134728550911, 0.0501425676047802, 0.010228127241134644, 0.03814390301704407, 0.0020288771484047174, 0.08440927416086197, 0.09450282156467438, 0.00033507467014715075, 0.006414406001567841, 0.023254044353961945, 0.05982077494263649, 0.01271467749029398, 0.0011824226239696145, 0.025756554678082466, 0.017520539462566376, 0.02163359895348549, 0.010387718677520752, 0.005345039069652557, 0.04100142419338226, 0.03635987266898155, 0.06840137392282486, 0.002874945290386677, 0.000625987013336271, 0.00022939204063732177, 0.019480284303426743, 0.02815762534737587, 0.05309268459677696, 0.012260994873940945, 0.09013982862234116, 9.195208258461207e-05, 0.008773066103458405, 0.024687184020876884, 0.007211048621684313, 1.444451481802389e-05, 0.0656139999628067, 0.03275606036186218, 0.041721172630786896, 0.014980348758399487], "loss_last50": [0.0, 1.496791810495779e-05, 0.002363786567002535, 0.0, 0.0010744761675596237, 1.19209286886246e-09, 0.0, 0.0065930746495723724, 9.53674295089968e-09, 0.0, 6.19888282926695e-08, 3.33786012163273e-08, 0.0, 4.701614216173766e-06, 0.0, 0.0, 0.0, 1.6808509428756224e-07, 9.202003275277093e-05, 0.0, 0.0, 1.3828277189986693e-07, 8.345365495188162e-05, 0.0, 4.76837147544984e-09, 0.0, 9.53674295089968e-09, 0.0, 0.0, 0.0, 0.0003056263958569616, 0.0, 0.0, 0.0, 0.0, 0.002052955562248826, 4.76837147544984e-09, 1.3232231310666975e-07, 0.0, 0.0, 0.0, 0.0, 0.0, 4.1007993445418833e-07, 0.0, 5.654692358803004e-05, 0.0, 0.0, 5.626678216685832e-07, 0.0]}