{"loss_first50": [-0.3610747456550598, -0.32329294085502625, -0.36707648634910583, -0.3616674244403839, -0.37787264585494995, -0.42723289132118225, -0.11103127151727676, -0.62007737159729, -0.40289992094039917, -0.4569699764251709, -0.4114452302455902, -0.3740783929824829, -0.7090584635734558, -0.5634668469429016, -0.6741143465042114, -0.9308367967605591, -0.9917831420898438, -1.154403805732727, -1.0677382946014404, -0.7697745561599731, -0.6870916485786438, -0.6774436831474304, -0.7274531126022339, -0.9057740569114685, -0.9577767848968506, -1.0539964437484741, -1.0974537134170532, -0.9765269160270691, -0.8912999033927917, -1.242854118347168, -1.315513253211975, -1.3298547267913818, -1.2252047061920166, -1.281049132347107, -1.2631014585494995, -1.4541435241699219, -1.4715780019760132, -1.7188268899917603, -1.5495901107788086, -1.6782679557800293, -1.5574941635131836, -1.5624059438705444, -1.7404568195343018, -1.5063656568527222, -1.876374363899231, -1.7223573923110962, -1.7531133890151978, -1.6092054843902588, -1.3505645990371704, -1.6364595890045166], "loss_last50": [-2.392371654510498, -2.2003767490386963, -2.362069606781006, -2.536452054977417, -2.21777081489563, -2.205104112625122, -2.3304998874664307, -2.2830302715301514, -2.386204481124878, -2.420785903930664, -2.359461545944214, -2.1904475688934326, -2.353405475616455, -2.1850106716156006, -2.3170502185821533, -2.5637145042419434, -2.1114909648895264, -2.348529577255249, -2.18791127204895, -2.106581449508667, -2.161158800125122, -2.342296600341797, -2.3060431480407715, -2.233428955078125, -2.3541064262390137, -2.0408356189727783, -2.137608766555786, -2.2008371353149414, -2.1612508296966553, -2.3418288230895996, -2.5631539821624756, -2.485549211502075, -2.436815023422241, -2.4543673992156982, -2.4206700325012207, -2.321754217147827, -2.269289493560791, -2.022725820541382, -2.3437116146087646, -2.050560235977173, -2.384129285812378, -2.339545965194702, -2.2389602661132812, -2.2509572505950928, -2.2776939868927, -2.353508234024048, -2.264789342880249, -2.430856227874756, -2.448704242706299, -2.3936820030212402]}