{"y_sampler.overall_observation_variance": 1.000100016593933, "y_sampler.function_variance_interval": [0.961634635925293, 1.0], "y_sampler.mean_variance": 0.0, "y_sampler.kernel_variance_interval": [0.961634635925293, 1.0], "y_sampler.kernel_variance": "Uniform(0.961634635925293, 1.0)", "y_sampler.kernel_lengthscale": "AffineTransform(0.2, 1)(Gamma(alpha=1, beta=10.000000000000002))"}