{"loss_first50": [1.068288803100586, 0.8383802771568298, 0.7237350344657898, 0.6573347449302673, 0.8821818232536316, 0.5441791415214539, 0.42408713698387146, 0.48903363943099976, 0.19956542551517487, 0.3558456301689148, 0.3526669144630432, 0.25657787919044495, 0.43400245904922485, 0.4878964126110077, 0.39495062828063965, 0.30322399735450745, 0.342511922121048, 0.2685449421405792, 0.700111985206604, 0.753235399723053, 0.44634032249450684, 0.1334868222475052, 0.3704901337623596, 0.3396843671798706, 0.3617722988128662, 0.48034512996673584, 0.1093345582485199, 0.45090922713279724, 0.1893141120672226, 0.09260841459035873, 0.5381090044975281, 0.325052946805954, 0.614481508731842, 0.5418074727058411, 0.3676643371582031, 0.3222397267818451, 0.4369465410709381, 0.40492820739746094, 0.624342143535614, 0.237578347325325, 0.2672865688800812, 0.45532548427581787, 0.26702722907066345, 0.2625489830970764, 0.4623473286628723, 0.14952681958675385, 0.1328269988298416, 0.24892091751098633, 0.8309559226036072, 0.4925535023212433], "loss_last50": [0.005391512997448444, 0.09087023884057999, 0.2367974817752838, 0.07195603847503662, 0.16652600467205048, 0.12259095162153244, 0.18617691099643707, 0.1620822548866272, 0.008021782152354717, 0.10212265700101852, 0.046008918434381485, 0.018994614481925964, 0.11014454811811447, 0.01669822260737419, 0.007566201966255903, 0.040607843548059464, 0.09854517132043839, 0.16134455800056458, 0.08890371024608612, 0.05918862670660019, 0.019419003278017044, 0.0009941564640030265, 0.14709608256816864, 0.16921314597129822, 0.49751248955726624, 0.05383757874369621, 0.14257961511611938, 0.09879948198795319, 0.05557376891374588, 0.13250207901000977, 0.08414304256439209, 0.12245559692382812, 0.09956534951925278, 0.186813622713089, 0.15265248715877533, 4.844665454584174e-05, 0.06703025847673416, 0.030821241438388824, 0.05757048353552818, 0.18100214004516602, 0.015603008680045605, 0.01970839872956276, 0.0743386298418045, 0.18445853888988495, 0.05638404190540314, 0.06996753811836243, 0.17045585811138153, 0.05954814702272415, 0.04909578338265419, 0.010069348849356174]}