{"loss_first50": [0.7349543571472168, 0.51175856590271, 0.25460588932037354, 0.1624072939157486, 0.08609139174222946, 0.47688034176826477, 0.1767965853214264, 0.15590178966522217, 0.35643270611763, 0.2835582196712494, 0.1163782849907875, 0.38928908109664917, 0.22327589988708496, 0.0560561940073967, 0.08203171193599701, 0.12776508927345276, 0.1704176813364029, 0.037867169827222824, 0.18750682473182678, 0.10331256687641144, 0.2615326941013336, 0.0918535366654396, 0.07246735692024231, 0.22139126062393188, 0.07201819866895676, 0.1477632075548172, 0.3386041224002838, 0.10849429666996002, 0.016459763050079346, 0.028396252542734146, 0.15961691737174988, 0.12291673570871353, 0.07856418192386627, 0.10514500737190247, 0.06272818148136139, 0.18853759765625, 0.0001478970079915598, 0.04135454446077347, 0.02040434256196022, 0.007583324797451496, 0.04296356067061424, 0.047807078808546066, 0.05705023184418678, 0.03521612659096718, 0.0018643467919901013, 0.0014951109187677503, 0.005684075877070427, 0.021672070026397705, 0.050172463059425354, 0.041632480919361115], "loss_last50": [9.53674295089968e-09, 4.816055252376827e-07, 4.4584274405679025e-07, 0.0, 7.796287491146359e-07, 6.794929419129403e-08, 0.014255239628255367, 1.7002819731715135e-05, 0.0005728636751882732, 0.00135075266007334, 7.399320566037204e-06, 0.00328858126886189, 2.026557837098153e-07, 0.015478348359465599, 6.885528364364291e-06, 0.0, 6.67572024326546e-08, 3.306865664853831e-06, 1.7881393432617188e-07, 0.0, 0.00025789201026782393, 0.004569617565721273, 3.5152435884810984e-05, 0.00014712929259985685, 0.0001338803704129532, 2.5343895231344504e-06, 7.720708526903763e-05, 0.0, 0.00031439500162377954, 2.180337787649478e-06, 1.9048451576964e-05, 4.434585605395114e-07, 8.583068478174027e-08, 0.00016502141079399735, 5.912780807193485e-07, 5.960464477539063e-08, 0.008279044181108475, 2.937316821771674e-06, 5.2452087118126656e-08, 9.111165854847059e-05, 0.07478414475917816, 4.47905040346086e-05, 1.23977656585339e-07, 0.0001242578000528738, 0.00048155186232179403, 0.012853865511715412, 0.00023720860190223902, 0.010123901069164276, 2.748727820289787e-05, 0.0008431744645349681]}