{"loss_first50": [-0.03576281666755676, -0.03537293151021004, -0.04773268848657608, -0.03675734996795654, -0.040129031985998154, -0.040789246559143066, -0.05044182762503624, -0.05058623105287552, -0.04882066324353218, -0.05178552493453026, -0.05798692628741264, -0.06756976246833801, -0.07069622725248337, -0.06526649743318558, -0.08638004213571548, -0.07125189900398254, -0.07800639420747757, -0.07907997816801071, -0.0853886604309082, -0.0757741630077362, -0.09222135692834854, -0.1096738800406456, -0.1050858199596405, -0.12891818583011627, -0.10821887850761414, -0.11380691081285477, -0.1100403442978859, -0.12783347070217133, -0.12120477855205536, -0.10303188115358353, -0.11779274791479111, -0.10824042558670044, -0.10864090174436569, -0.11419074237346649, -0.13099884986877441, -0.10623503476381302, -0.1301030069589615, -0.11909045279026031, -0.12367554008960724, -0.12334132939577103, -0.14007462561130524, -0.11453687399625778, -0.1265234649181366, -0.12873141467571259, -0.12451913952827454, -0.13755521178245544, -0.14347250759601593, -0.1571815460920334, -0.13379566371440887, -0.15323352813720703], "loss_last50": [-0.3937035799026489, -0.3530207574367523, -0.41299372911453247, -0.4586089253425598, -0.42349568009376526, -0.4236553907394409, -0.4491947889328003, -0.4144163429737091, -0.3859502375125885, -0.4683727025985718, -0.4037140905857086, -0.4620403051376343, -0.4313785433769226, -0.41998395323753357, -0.41562873125076294, -0.4300743043422699, -0.4322577714920044, -0.39249420166015625, -0.4485088586807251, -0.42664748430252075, -0.3605620861053467, -0.4025636315345764, -0.47823837399482727, -0.40697064995765686, -0.4426440894603729, -0.44776907563209534, -0.418301522731781, -0.3656189441680908, -0.4286647439002991, -0.39493751525878906, -0.39252468943595886, -0.4250258803367615, -0.4492899477481842, -0.3927522599697113, -0.4438284635543823, -0.44110146164894104, -0.4169125258922577, -0.3880987763404846, -0.43788325786590576, -0.38108864426612854, -0.38331347703933716, -0.3899103105068207, -0.4391290545463562, -0.393688827753067, -0.46251222491264343, -0.49998214840888977, -0.44603899121284485, -0.3845779001712799, -0.46388736367225647, -0.4214743673801422]}