{"loss_first50": [-0.29081666469573975, -0.2833428680896759, -0.2878017723560333, -0.30943137407302856, -0.3302934467792511, -0.3188212215900421, -0.3435271084308624, -0.32587987184524536, -0.3499179184436798, -0.31165722012519836, -0.46720075607299805, -0.2992417514324188, -0.36343464255332947, -0.3783608675003052, -0.37056422233581543, -0.36584603786468506, -0.48600590229034424, -0.36295828223228455, -0.3781331479549408, -0.4702613055706024, -0.473126620054245, -0.4836365580558777, -0.5264929533004761, -0.48894202709198, -0.4961240589618683, -0.4972778260707855, -0.5520400404930115, -0.5418371558189392, -0.48987525701522827, -0.5234553217887878, -0.5661854147911072, -0.550971269607544, -0.5117835402488708, -0.5470453500747681, -0.601158082485199, -0.6508095264434814, -0.5639079809188843, -0.6019864678382874, -0.4768909513950348, -0.5209797620773315, -0.5704950094223022, -0.617210865020752, -0.5431101322174072, -0.5460626482963562, -0.5832586884498596, -0.5552693009376526, -0.5127106308937073, -0.5653513669967651, -0.5375540256500244, -0.47717317938804626], "loss_last50": [-0.8748072981834412, -0.7035903930664062, -0.6814711093902588, -0.6899261474609375, -0.6019636392593384, -0.7125949859619141, -0.6881685256958008, -0.6357640027999878, -0.6858540773391724, -0.681486964225769, -0.6443003416061401, -0.5857170820236206, -0.6375616788864136, -0.6676814556121826, -0.5661414861679077, -0.6877623796463013, -0.9119300842285156, -0.7701271176338196, -0.6562954783439636, -0.5956851243972778, -0.6465720534324646, -0.7913559675216675, -0.690924882888794, -0.6841464638710022, -0.7000740766525269, -0.6613808870315552, -0.6418779492378235, -0.7842142581939697, -0.6912513971328735, -0.7237122654914856, -0.7056190371513367, -0.6001827716827393, -0.6982230544090271, -0.7318685054779053, -0.7346280813217163, -0.735234260559082, -0.705075204372406, -0.7075210213661194, -0.8038888573646545, -0.7508277893066406, -0.551218569278717, -0.6978538036346436, -0.6673713326454163, -0.7194703817367554, -0.7560576796531677, -0.6611732244491577, -0.6906410455703735, -0.6797876358032227, -0.7394530177116394, -0.7083435654640198]}