{"loss_first50": [-0.2698880732059479, -0.2813166677951813, -0.32640302181243896, -0.3491613566875458, -0.321957528591156, -0.3866977095603943, -0.39953771233558655, -0.4038250744342804, -0.43739810585975647, -0.42368969321250916, -0.6646823287010193, -0.4860653579235077, -0.5388428568840027, -0.6119754910469055, -0.5584548115730286, -0.6206705570220947, -0.7684791088104248, -0.6713990569114685, -0.6722217202186584, -0.808499276638031, -0.9034979939460754, -0.8997294306755066, -0.9274793863296509, -0.9593920111656189, -0.9170068502426147, -0.9956277012825012, -0.9947119355201721, -0.97107994556427, -0.8725844621658325, -0.9886942505836487, -0.9884167909622192, -1.1671148538589478, -1.0292034149169922, -1.09719717502594, -1.0309478044509888, -1.1949058771133423, -0.9568302035331726, -1.0667695999145508, -0.858587384223938, -0.9384611248970032, -1.0095990896224976, -1.1579231023788452, -0.9428059458732605, -1.028693437576294, -1.0789718627929688, -1.0622426271438599, -0.8781598210334778, -1.039374828338623, -0.9800218939781189, -0.8993346095085144], "loss_last50": [-1.6930216550827026, -1.4935693740844727, -1.422959804534912, -1.3366730213165283, -1.2137856483459473, -1.3316426277160645, -1.4081494808197021, -1.2995898723602295, -1.321518898010254, -1.3510526418685913, -1.2697597742080688, -1.2544749975204468, -1.2722378969192505, -1.3810374736785889, -1.2153611183166504, -1.3658819198608398, -1.6640044450759888, -1.52180016040802, -1.2729465961456299, -1.2920076847076416, -1.222580909729004, -1.5439825057983398, -1.3005620241165161, -1.4661296606063843, -1.3644880056381226, -1.2658686637878418, -1.2904943227767944, -1.4737415313720703, -1.4567272663116455, -1.401319146156311, -1.2835454940795898, -1.2343919277191162, -1.316006064414978, -1.449548363685608, -1.5204695463180542, -1.4031734466552734, -1.3748100996017456, -1.3257415294647217, -1.5520509481430054, -1.4106090068817139, -1.2586827278137207, -1.4175230264663696, -1.2972460985183716, -1.3786578178405762, -1.4740889072418213, -1.394932508468628, -1.4096654653549194, -1.4880447387695312, -1.4477941989898682, -1.3477857112884521]}