{"loss_first50": [0.24654029309749603, -0.030205167829990387, 0.05307612195611, 0.32482343912124634, 0.0036342667881399393, 0.40061575174331665, 0.21552783250808716, 0.18768474459648132, -0.002315044403076172, 0.05107172951102257, 0.1497485339641571, 0.12281135469675064, 0.32669857144355774, -0.2310906946659088, -0.033657293766736984, 0.1455557644367218, -0.021795177832245827, 0.002856907667592168, 0.05207114666700363, 0.010993571020662785, 0.11640266329050064, -0.15147924423217773, -0.14733433723449707, 0.0890498012304306, 0.13587866723537445, -0.14143843948841095, 0.33980947732925415, 0.09025247395038605, -0.07154660671949387, -0.19132068753242493, -0.08132350444793701, -0.054402679204940796, -0.16734804213047028, -0.16174671053886414, -0.036195915192365646, 0.1909807026386261, -0.07867344468832016, -0.08104249835014343, -0.1706680804491043, 0.07500289380550385, -0.1805766224861145, -0.008091220632195473, -0.22386252880096436, -0.24896240234375, -0.12946374714374542, -0.1655227690935135, -0.4071546792984009, -0.3249077796936035, -0.6267051696777344, -0.8318931460380554], "loss_last50": [-2.0541162490844727, -2.044853448867798, -2.1601927280426025, -2.1364965438842773, -2.241166591644287, -2.226332902908325, -2.118274688720703, -2.323042869567871, -2.1445441246032715, -2.2294371128082275, -2.0973992347717285, -2.013803243637085, -2.103348731994629, -2.1899824142456055, -2.1172633171081543, -1.9587042331695557, -2.2759008407592773, -2.0766255855560303, -2.0738279819488525, -2.2503814697265625, -2.256063461303711, -2.159543752670288, -2.0163512229919434, -1.9428683519363403, -2.095785617828369, -2.0202412605285645, -2.2232654094696045, -2.236159086227417, -2.2426774501800537, -2.0645859241485596, -2.2269983291625977, -2.197815418243408, -2.0471112728118896, -2.270160675048828, -2.2952733039855957, -2.0480644702911377, -2.0520665645599365, -2.270927667617798, -2.0117363929748535, -1.995486855506897, -2.214906930923462, -2.021040678024292, -2.2411372661590576, -2.0943655967712402, -2.1318304538726807, -2.1967713832855225, -2.097223997116089, -2.2131924629211426, -2.0298285484313965, -2.2799179553985596]}