{"loss_first50": [0.05668504908680916, 0.20946750044822693, 0.22133418917655945, 0.10312923043966293, -0.033667631447315216, 0.05348243564367294, 0.17528985440731049, -0.0684431940317154, 0.22319751977920532, 0.235684335231781, 0.03829159960150719, -0.124253049492836, 0.09351273626089096, 0.18777181208133698, 0.11412099748849869, -0.04527084156870842, 0.02540510520339012, 0.2823740839958191, -0.07643012702465057, 0.02415625937283039, -0.07165433466434479, 0.18145045638084412, -0.008665136992931366, -0.013102230615913868, 0.13475507497787476, 0.1807735413312912, 0.21441882848739624, 0.2537263035774231, 0.10387454926967621, -0.11231239885091782, 0.05721299350261688, 0.19740910828113556, 0.1568865329027176, 0.056980133056640625, 0.4393540620803833, 0.03186432644724846, 0.06928583979606628, 0.06684014946222305, -0.07358969748020172, 0.05031432956457138, 0.032273147255182266, 0.10372322052717209, 0.010223870165646076, 0.05992017313838005, 0.030509481206536293, -0.04042185842990875, 0.20969541370868683, 0.07104890048503876, 0.1508859544992447, 0.06688070297241211], "loss_last50": [-0.02141881361603737, 0.16024865210056305, 0.05443388968706131, 0.20010143518447876, 0.18241453170776367, -0.10279621183872223, -0.015399742871522903, 0.25560295581817627, 0.05954653024673462, 0.09965410083532333, 0.1394122689962387, -0.09356176853179932, -0.14218176901340485, -0.11980487406253815, 0.043133702129125595, 0.054361000657081604, -0.07066823542118073, 0.08048465847969055, 0.22296248376369476, 0.14994175732135773, -0.16776034235954285, 0.037642624229192734, 0.037778906524181366, 0.25306668877601624, 0.10753125697374344, 0.008942489512264729, 0.008793539367616177, -0.0297344159334898, 0.019755346700549126, 0.0683637335896492, -0.10220955312252045, -0.019625850021839142, 0.0884401798248291, 0.044917840510606766, 0.10294751822948456, 0.16416898369789124, 0.0573749877512455, 0.08273036777973175, 0.21449458599090576, 0.12908703088760376, 0.1681506335735321, 0.06472669541835785, 0.04155611991882324, 0.04135556519031525, -0.05827675387263298, 0.2206459939479828, 0.017285512760281563, 0.07022097706794739, 0.25832462310791016, 0.029525546357035637]}