{"loss_first50": [0.08903820812702179, 0.00014653056859970093, 0.01736864447593689, 0.017328839749097824, 0.050096988677978516, 0.040741413831710815, 0.11198291182518005, 0.0181879922747612, 0.009657030925154686, 0.0008356737671419978, 0.0024544857442378998, 0.0025525246746838093, 0.005376753862947226, 6.53266909012018e-07, 0.009965161792933941, 0.0007555711199529469, 0.03282158449292183, 0.005825716536492109, 0.028027748689055443, 0.07109725475311279, 0.0011478507658466697, 0.07886570692062378, 0.0037500369362533092, 6.350994226522744e-05, 0.0008278465247713029, 6.990432666498236e-06, 0.03688722848892212, 0.0008745956001803279, 0.014941656030714512, 9.536742595628311e-08, 1.7721653421176597e-05, 0.003174959449097514, 0.007368454709649086, 0.01616443507373333, 3.0636786618742917e-07, 0.10162673890590668, 0.04474332556128502, 0.023262090981006622, 0.002592019969597459, 0.02734747901558876, 0.00032814263249747455, 0.002502801362425089, 0.07277188450098038, 0.026048341765999794, 0.008493239991366863, 0.006848627235740423, 0.10854176431894302, 5.027770748711191e-05, 0.05700480192899704, 0.001663967384956777], "loss_last50": [0.0, 0.0, 0.0, 0.0, 0.0, 0.0, 0.0, 0.0, 0.0, 0.0, 0.0, 0.0, 0.0, 0.0, 0.0, 0.0, 0.0, 1.19209286886246e-09, 0.0, 0.0, 0.0, 0.0, 4.0531158873591266e-08, 0.0, 0.0, 1.3113021779531664e-08, 9.536742595628311e-08, 5.2452087118126656e-08, 0.0, 0.0, 0.0, 0.0, 0.0, 0.0, 0.0, 3.089904794251197e-06, 2.903938138842932e-06, 0.0, 0.0, 0.0, 0.0, 0.0, 0.0, 2.38418573772492e-09, 0.0, 0.0, 0.0, 2.9802322387695312e-08, 0.0, 0.0]}