{"loss_first50": [1.9550445079803467, 1.4011982679367065, 1.4608657360076904, 1.3937064409255981, 1.0923775434494019, 0.9410439133644104, 1.038117527961731, 0.659157395362854, 1.5435720682144165, 0.81644207239151, 0.8355543613433838, 0.41656115651130676, 0.5414106845855713, 0.7321966290473938, 0.3663153350353241, 0.776107907295227, 1.1156083345413208, 0.28659793734550476, 0.7514999508857727, 0.661708414554596, 0.814976692199707, 0.4313291907310486, 0.7006291151046753, 0.6430845260620117, 1.1387840509414673, 0.456888884305954, 1.1335668563842773, 0.7656159996986389, 0.7269587516784668, 0.9161025285720825, 0.9363205432891846, 0.700557291507721, 0.8708925247192383, 0.7134058475494385, 0.8762104511260986, 0.34812918305397034, 0.30508726835250854, 0.2735738456249237, 0.6134815216064453, 0.24197500944137573, 0.48151323199272156, 0.03717147931456566, 0.2789369225502014, 0.5230500102043152, 0.5634662508964539, 0.42796316742897034, 0.783098578453064, 0.8012036085128784, 0.9268845319747925, 0.5602888464927673], "loss_last50": [0.47966840863227844, 0.17076881229877472, 0.5059962868690491, 0.07043104618787766, 0.32805031538009644, 0.2633441388607025, 0.20320871472358704, 0.3459482192993164, 0.2105036824941635, 0.062006909400224686, 0.21367496252059937, 0.42150455713272095, 0.03162233904004097, 0.2645796835422516, 0.08276346325874329, 0.3353256285190582, 0.1318868100643158, 0.1172756552696228, 0.12428682297468185, 0.24431201815605164, 0.5124069452285767, 0.06540431082248688, 0.31517863273620605, 0.16463036835193634, 0.47104611992836, 0.38084056973457336, 0.2748066782951355, 0.10186494886875153, 0.19271880388259888, 0.26248469948768616, 0.5997979044914246, 0.30038484930992126, 0.39936453104019165, 0.1245088204741478, 0.3579452931880951, 0.27979448437690735, 0.6073498129844666, 0.5076028108596802, 0.25012245774269104, 0.2827589511871338, 0.37214338779449463, 0.2149840146303177, 0.21380342543125153, 0.41342464089393616, 0.6242340803146362, 0.13637675344944, 0.28856897354125977, 0.3641200065612793, 0.33410322666168213, 0.25433921813964844]}